date,value,memo
2025-01-01,40.76,서울 25개 자치구 PM10 일평균
2025-01-02,34.24,서울 25개 자치구 PM10 일평균
2025-01-03,23.2,서울 25개 자치구 PM10 일평균
2025-01-04,30.64,서울 25개 자치구 PM10 일평균
2025-01-05,33.56,서울 25개 자치구 PM10 일평균
2025-01-06,54.48,서울 25개 자치구 PM10 일평균
2025-01-07,26.28,서울 25개 자치구 PM10 일평균
2025-01-08,27.24,서울 25개 자치구 PM10 일평균
2025-01-09,26.68,서울 25개 자치구 PM10 일평균
2025-01-10,23.44,서울 25개 자치구 PM10 일평균
2025-01-11,30.76,서울 25개 자치구 PM10 일평균
2025-01-12,37.88,서울 25개 자치구 PM10 일평균
2025-01-13,53.4,서울 25개 자치구 PM10 일평균
2025-01-14,58.4,서울 25개 자치구 PM10 일평균
2025-01-15,32.96,서울 25개 자치구 PM10 일평균
2025-01-16,35.08,서울 25개 자치구 PM10 일평균
2025-01-17,52.68,서울 25개 자치구 PM10 일평균
2025-01-18,45.56,서울 25개 자치구 PM10 일평균
2025-01-19,45.28,서울 25개 자치구 PM10 일평균
2025-01-20,91.36,서울 25개 자치구 PM10 일평균
2025-01-21,112.04,서울 25개 자치구 PM10 일평균
2025-01-22,82.8,서울 25개 자치구 PM10 일평균
2025-01-23,50.36,서울 25개 자치구 PM10 일평균
2025-01-24,45.0,서울 25개 자치구 PM10 일평균
2025-01-25,19.88,서울 25개 자치구 PM10 일평균
2025-01-26,11.56,서울 25개 자치구 PM10 일평균
2025-01-27,44.88,서울 25개 자치구 PM10 일평균
2025-01-28,31.64,서울 25개 자치구 PM10 일평균
2025-01-29,28.16,서울 25개 자치구 PM10 일평균
2025-01-30,20.32,서울 25개 자치구 PM10 일평균
2025-01-31,33.28,서울 25개 자치구 PM10 일평균
2025-02-01,46.36,서울 25개 자치구 PM10 일평균
2025-02-02,41.2,서울 25개 자치구 PM10 일평균
2025-02-03,29.64,서울 25개 자치구 PM10 일평균
2025-02-04,20.56,서울 25개 자치구 PM10 일평균
2025-02-05,18.16,서울 25개 자치구 PM10 일평균
2025-02-06,22.92,서울 25개 자치구 PM10 일평균
2025-02-07,32.4,서울 25개 자치구 PM10 일평균
2025-02-08,25.52,서울 25개 자치구 PM10 일평균
2025-02-09,25.36,서울 25개 자치구 PM10 일평균
2025-02-10,26.48,서울 25개 자치구 PM10 일평균
2025-02-11,44.32,서울 25개 자치구 PM10 일평균
2025-02-12,39.92,서울 25개 자치구 PM10 일평균
2025-02-13,28.6,서울 25개 자치구 PM10 일평균
2025-02-14,64.92,서울 25개 자치구 PM10 일평균
2025-02-15,64.68,서울 25개 자치구 PM10 일평균
2025-02-16,68.36,서울 25개 자치구 PM10 일평균
2025-02-17,34.92,서울 25개 자치구 PM10 일평균
2025-02-18,25.48,서울 25개 자치구 PM10 일평균
2025-02-19,25.36,서울 25개 자치구 PM10 일평균
2025-02-20,26.52,서울 25개 자치구 PM10 일평균
2025-02-21,29.52,서울 25개 자치구 PM10 일평균
2025-02-22,30.92,서울 25개 자치구 PM10 일평균
2025-02-23,31.52,서울 25개 자치구 PM10 일평균
2025-02-24,30.28,서울 25개 자치구 PM10 일평균
2025-02-25,31.24,서울 25개 자치구 PM10 일평균
2025-02-26,64.56,서울 25개 자치구 PM10 일평균
2025-02-27,38.88,서울 25개 자치구 PM10 일평균
2025-02-28,50.32,서울 25개 자치구 PM10 일평균
2025-03-01,63.6,서울 25개 자치구 PM10 일평균
2025-03-02,41.2,서울 25개 자치구 PM10 일평균
2025-03-03,11.72,서울 25개 자치구 PM10 일평균
2025-03-04,9.32,서울 25개 자치구 PM10 일평균
2025-03-05,8.2,서울 25개 자치구 PM10 일평균
2025-03-06,44.88,서울 25개 자치구 PM10 일평균
2025-03-07,69.8,서울 25개 자치구 PM10 일평균
2025-03-08,54.0,서울 25개 자치구 PM10 일평균
2025-03-09,53.36,서울 25개 자치구 PM10 일평균
2025-03-10,69.96,서울 25개 자치구 PM10 일평균
2025-03-11,57.72,서울 25개 자치구 PM10 일평균
2025-03-12,46.44,서울 25개 자치구 PM10 일평균
2025-03-13,78.56,서울 25개 자치구 PM10 일평균
2025-03-14,57.2,서울 25개 자치구 PM10 일평균
2025-03-15,33.48,서울 25개 자치구 PM10 일평균
2025-03-16,35.76,서울 25개 자치구 PM10 일평균
2025-03-17,35.96,서울 25개 자치구 PM10 일평균
2025-03-18,29.52,서울 25개 자치구 PM10 일평균
2025-03-19,43.6,서울 25개 자치구 PM10 일평균
2025-03-20,56.56,서울 25개 자치구 PM10 일평균
2025-03-21,81.12,서울 25개 자치구 PM10 일평균
2025-03-22,78.54,서울 25개 자치구 PM10 일평균
2025-03-23,83.75,서울 25개 자치구 PM10 일평균
2025-03-24,91.58,서울 25개 자치구 PM10 일평균
2025-03-25,144.92,서울 25개 자치구 PM10 일평균
2025-03-26,107.56,서울 25개 자치구 PM10 일평균
2025-03-27,60.48,서울 25개 자치구 PM10 일평균
2025-03-28,40.0,서울 25개 자치구 PM10 일평균
2025-03-29,23.36,서울 25개 자치구 PM10 일평균
2025-03-30,23.28,서울 25개 자치구 PM10 일평균
2025-03-31,32.88,서울 25개 자치구 PM10 일평균
2025-04-01,60.0,서울 25개 자치구 PM10 일평균
2025-04-02,50.6,서울 25개 자치구 PM10 일평균
2025-04-03,39.88,서울 25개 자치구 PM10 일평균
2025-04-04,43.8,서울 25개 자치구 PM10 일평균
2025-04-05,27.08,서울 25개 자치구 PM10 일평균
2025-04-06,32.4,서울 25개 자치구 PM10 일평균
2025-04-07,54.28,서울 25개 자치구 PM10 일평균
2025-04-08,66.84,서울 25개 자치구 PM10 일평균
2025-04-09,47.48,서울 25개 자치구 PM10 일평균
2025-04-10,46.36,서울 25개 자치구 PM10 일평균
2025-04-11,55.76,서울 25개 자치구 PM10 일평균
2025-04-12,36.8,서울 25개 자치구 PM10 일평균
2025-04-13,44.12,서울 25개 자치구 PM10 일평균
2025-04-14,16.72,서울 25개 자치구 PM10 일평균
2025-04-15,24.04,서울 25개 자치구 PM10 일평균
2025-04-16,40.64,서울 25개 자치구 PM10 일평균
2025-04-17,61.04,서울 25개 자치구 PM10 일평균
2025-04-18,71.16,서울 25개 자치구 PM10 일평균
2025-04-19,39.12,서울 25개 자치구 PM10 일평균
2025-04-20,21.92,서울 25개 자치구 PM10 일평균
2025-04-21,26.52,서울 25개 자치구 PM10 일평균
2025-04-22,17.8,서울 25개 자치구 PM10 일평균
2025-04-23,15.64,서울 25개 자치구 PM10 일평균
2025-04-24,46.88,서울 25개 자치구 PM10 일평균
2025-04-25,52.04,서울 25개 자치구 PM10 일평균
2025-04-26,36.72,서울 25개 자치구 PM10 일평균
2025-04-27,26.44,서울 25개 자치구 PM10 일평균
2025-04-28,36.68,서울 25개 자치구 PM10 일평균
2025-04-29,39.8,서울 25개 자치구 PM10 일평균
2025-04-30,41.88,서울 25개 자치구 PM10 일평균
2025-05-01,33.6,서울 25개 자치구 PM10 일평균
2025-05-02,23.88,서울 25개 자치구 PM10 일평균
2025-05-03,17.8,서울 25개 자치구 PM10 일평균
2025-05-04,33.4,서울 25개 자치구 PM10 일평균
2025-05-05,27.92,서울 25개 자치구 PM10 일평균
2025-05-06,21.12,서울 25개 자치구 PM10 일평균
2025-05-07,32.12,서울 25개 자치구 PM10 일평균
2025-05-08,57.2,서울 25개 자치구 PM10 일평균
2025-05-09,48.2,서울 25개 자치구 PM10 일평균
2025-05-10,22.68,서울 25개 자치구 PM10 일평균
2025-05-11,52.6,서울 25개 자치구 PM10 일평균
2025-05-12,47.4,서울 25개 자치구 PM10 일평균
2025-05-13,41.64,서울 25개 자치구 PM10 일평균
2025-05-14,39.84,서울 25개 자치구 PM10 일평균
2025-05-15,29.92,서울 25개 자치구 PM10 일평균
2025-05-16,31.76,서울 25개 자치구 PM10 일평균
2025-05-17,18.52,서울 25개 자치구 PM10 일평균
2025-05-18,32.8,서울 25개 자치구 PM10 일평균
2025-05-19,36.52,서울 25개 자치구 PM10 일평균
2025-05-20,18.8,서울 25개 자치구 PM10 일평균
2025-05-21,18.24,서울 25개 자치구 PM10 일평균
2025-05-22,25.36,서울 25개 자치구 PM10 일평균
2025-05-23,29.6,서울 25개 자치구 PM10 일평균
2025-05-24,19.44,서울 25개 자치구 PM10 일평균
2025-05-25,18.96,서울 25개 자치구 PM10 일평균
2025-05-26,38.24,서울 25개 자치구 PM10 일평균
2025-05-27,52.84,서울 25개 자치구 PM10 일평균
2025-05-28,53.32,서울 25개 자치구 PM10 일평균
2025-05-29,38.12,서울 25개 자치구 PM10 일평균
2025-05-30,38.4,서울 25개 자치구 PM10 일평균
2025-05-31,42.16,서울 25개 자치구 PM10 일평균
2025-06-01,52.64,서울 25개 자치구 PM10 일평균
2025-06-02,53.16,서울 25개 자치구 PM10 일평균
2025-06-03,41.92,서울 25개 자치구 PM10 일평균
2025-06-04,28.76,서울 25개 자치구 PM10 일평균
2025-06-05,25.36,서울 25개 자치구 PM10 일평균
2025-06-06,30.92,서울 25개 자치구 PM10 일평균
2025-06-07,41.64,서울 25개 자치구 PM10 일평균
2025-06-08,26.84,서울 25개 자치구 PM10 일평균
2025-06-09,31.96,서울 25개 자치구 PM10 일평균
2025-06-10,19.48,서울 25개 자치구 PM10 일평균
2025-06-11,25.6,서울 25개 자치구 PM10 일평균
2025-06-12,33.8,서울 25개 자치구 PM10 일평균
2025-06-13,41.84,서울 25개 자치구 PM10 일평균
2025-06-14,23.84,서울 25개 자치구 PM10 일평균
2025-06-15,23.04,서울 25개 자치구 PM10 일평균
2025-06-16,32.48,서울 25개 자치구 PM10 일평균
2025-06-17,43.24,서울 25개 자치구 PM10 일평균
2025-06-18,43.36,서울 25개 자치구 PM10 일평균
2025-06-19,30.36,서울 25개 자치구 PM10 일평균
2025-06-20,8.16,서울 25개 자치구 PM10 일평균
2025-06-21,21.08,서울 25개 자치구 PM10 일평균
2025-06-22,29.25,서울 25개 자치구 PM10 일평균
2025-06-23,34.52,서울 25개 자치구 PM10 일평균
2025-06-24,21.84,서울 25개 자치구 PM10 일평균
2025-06-25,10.04,서울 25개 자치구 PM10 일평균
2025-06-26,16.76,서울 25개 자치구 PM10 일평균
2025-06-27,28.52,서울 25개 자치구 PM10 일평균
2025-06-28,31.68,서울 25개 자치구 PM10 일평균
2025-06-29,15.8,서울 25개 자치구 PM10 일평균
2025-06-30,10.6,서울 25개 자치구 PM10 일평균
2025-07-01,10.88,서울 25개 자치구 PM10 일평균
2025-07-02,12.88,서울 25개 자치구 PM10 일평균
2025-07-03,23.44,서울 25개 자치구 PM10 일평균
2025-07-04,23.72,서울 25개 자치구 PM10 일평균
2025-07-05,21.12,서울 25개 자치구 PM10 일평균
2025-07-06,25.48,서울 25개 자치구 PM10 일평균
2025-07-07,44.56,서울 25개 자치구 PM10 일평균
2025-07-08,38.0,서울 25개 자치구 PM10 일평균
2025-07-09,22.08,서울 25개 자치구 PM10 일평균
2025-07-10,15.96,서울 25개 자치구 PM10 일평균
2025-07-11,14.16,서울 25개 자치구 PM10 일평균
2025-07-12,14.28,서울 25개 자치구 PM10 일평균
2025-07-13,29.56,서울 25개 자치구 PM10 일평균
2025-07-14,20.56,서울 25개 자치구 PM10 일평균
2025-07-15,9.24,서울 25개 자치구 PM10 일평균
2025-07-16,19.72,서울 25개 자치구 PM10 일평균
2025-07-17,7.92,서울 25개 자치구 PM10 일평균
2025-07-18,11.36,서울 25개 자치구 PM10 일평균
2025-07-19,9.04,서울 25개 자치구 PM10 일평균
2025-07-20,16.0,서울 25개 자치구 PM10 일평균
2025-07-21,18.16,서울 25개 자치구 PM10 일평균
2025-07-22,16.44,서울 25개 자치구 PM10 일평균
2025-07-23,16.28,서울 25개 자치구 PM10 일평균
2025-07-24,25.16,서울 25개 자치구 PM10 일평균
2025-07-25,30.6,서울 25개 자치구 PM10 일평균
2025-07-26,22.08,서울 25개 자치구 PM10 일평균
2025-07-27,18.08,서울 25개 자치구 PM10 일평균
2025-07-28,36.28,서울 25개 자치구 PM10 일평균
2025-07-29,37.56,서울 25개 자치구 PM10 일평균
2025-07-30,29.24,서울 25개 자치구 PM10 일평균
2025-07-31,27.56,서울 25개 자치구 PM10 일평균
2025-08-01,35.08,서울 25개 자치구 PM10 일평균
2025-08-02,33.96,서울 25개 자치구 PM10 일평균
2025-08-03,27.8,서울 25개 자치구 PM10 일평균
2025-08-04,17.16,서울 25개 자치구 PM10 일평균
2025-08-05,18.76,서울 25개 자치구 PM10 일평균
2025-08-06,18.72,서울 25개 자치구 PM10 일평균
2025-08-07,17.52,서울 25개 자치구 PM10 일평균
2025-08-08,27.44,서울 25개 자치구 PM10 일평균
2025-08-09,23.88,서울 25개 자치구 PM10 일평균
2025-08-10,20.44,서울 25개 자치구 PM10 일평균
2025-08-11,26.96,서울 25개 자치구 PM10 일평균
2025-08-12,19.36,서울 25개 자치구 PM10 일평균
2025-08-13,9.08,서울 25개 자치구 PM10 일평균
2025-08-14,11.4,서울 25개 자치구 PM10 일평균
2025-08-15,19.32,서울 25개 자치구 PM10 일평균
2025-08-16,13.36,서울 25개 자치구 PM10 일평균
2025-08-17,14.96,서울 25개 자치구 PM10 일평균
2025-08-18,25.6,서울 25개 자치구 PM10 일평균
2025-08-19,13.76,서울 25개 자치구 PM10 일평균
2025-08-20,15.2,서울 25개 자치구 PM10 일평균
2025-08-21,16.84,서울 25개 자치구 PM10 일평균
2025-08-22,13.36,서울 25개 자치구 PM10 일평균
2025-08-23,18.12,서울 25개 자치구 PM10 일평균
2025-08-24,22.04,서울 25개 자치구 PM10 일평균
2025-08-25,22.12,서울 25개 자치구 PM10 일평균
2025-08-26,14.88,서울 25개 자치구 PM10 일평균
2025-08-27,20.48,서울 25개 자치구 PM10 일평균
2025-08-28,21.8,서울 25개 자치구 PM10 일평균
2025-08-29,18.08,서울 25개 자치구 PM10 일평균
2025-08-30,12.92,서울 25개 자치구 PM10 일평균
2025-08-31,22.56,서울 25개 자치구 PM10 일평균
2025-09-01,11.04,서울 25개 자치구 PM10 일평균
2025-09-02,18.68,서울 25개 자치구 PM10 일평균
2025-09-03,21.52,서울 25개 자치구 PM10 일평균
2025-09-04,10.32,서울 25개 자치구 PM10 일평균
2025-09-05,16.56,서울 25개 자치구 PM10 일평균
2025-09-06,16.84,서울 25개 자치구 PM10 일평균
2025-09-07,15.88,서울 25개 자치구 PM10 일평균
2025-09-08,27.2,서울 25개 자치구 PM10 일평균
2025-09-09,33.84,서울 25개 자치구 PM10 일평균
2025-09-10,24.96,서울 25개 자치구 PM10 일평균
2025-09-11,20.0,서울 25개 자치구 PM10 일평균
2025-09-12,17.08,서울 25개 자치구 PM10 일평균
2025-09-13,5.16,서울 25개 자치구 PM10 일평균
2025-09-14,11.88,서울 25개 자치구 PM10 일평균
2025-09-15,19.2,서울 25개 자치구 PM10 일평균
2025-09-16,20.08,서울 25개 자치구 PM10 일평균
2025-09-17,12.08,서울 25개 자치구 PM10 일평균
2025-09-18,11.28,서울 25개 자치구 PM10 일평균
2025-09-19,12.36,서울 25개 자치구 PM10 일평균
2025-09-20,5.88,서울 25개 자치구 PM10 일평균
2025-09-21,6.84,서울 25개 자치구 PM10 일평균
2025-09-22,11.4,서울 25개 자치구 PM10 일평균
2025-09-23,13.56,서울 25개 자치구 PM10 일평균
2025-09-24,12.12,서울 25개 자치구 PM10 일평균
2025-09-25,16.8,서울 25개 자치구 PM10 일평균
2025-09-26,29.08,서울 25개 자치구 PM10 일평균
2025-09-27,26.72,서울 25개 자치구 PM10 일평균
2025-09-28,15.0,서울 25개 자치구 PM10 일평균
2025-09-29,27.76,서울 25개 자치구 PM10 일평균
2025-09-30,32.72,서울 25개 자치구 PM10 일평균
2025-10-01,30.4,서울 25개 자치구 PM10 일평균
2025-10-02,28.08,서울 25개 자치구 PM10 일평균
2025-10-03,24.36,서울 25개 자치구 PM10 일평균
2025-10-04,10.24,서울 25개 자치구 PM10 일평균
2025-10-05,9.2,서울 25개 자치구 PM10 일평균
2025-10-06,5.68,서울 25개 자치구 PM10 일평균
2025-10-07,3.96,서울 25개 자치구 PM10 일평균
2025-10-08,10.88,서울 25개 자치구 PM10 일평균
2025-10-09,11.08,서울 25개 자치구 PM10 일평균
2025-10-10,6.48,서울 25개 자치구 PM10 일평균
2025-10-11,13.32,서울 25개 자치구 PM10 일평균
2025-10-12,5.56,서울 25개 자치구 PM10 일평균
2025-10-13,4.16,서울 25개 자치구 PM10 일평균
2025-10-14,4.68,서울 25개 자치구 PM10 일평균
2025-10-15,8.52,서울 25개 자치구 PM10 일평균
2025-10-16,6.68,서울 25개 자치구 PM10 일평균
2025-10-17,11.28,서울 25개 자치구 PM10 일평균
2025-10-18,11.8,서울 25개 자치구 PM10 일평균
2025-10-19,16.96,서울 25개 자치구 PM10 일평균
2025-10-20,23.0,서울 25개 자치구 PM10 일평균
2025-10-21,27.44,서울 25개 자치구 PM10 일평균
2025-10-22,17.8,서울 25개 자치구 PM10 일평균
2025-10-23,10.48,서울 25개 자치구 PM10 일평균
2025-10-24,10.08,서울 25개 자치구 PM10 일평균
2025-10-25,21.36,서울 25개 자치구 PM10 일평균
2025-10-26,38.12,서울 25개 자치구 PM10 일평균
2025-10-27,28.84,서울 25개 자치구 PM10 일평균
2025-10-28,21.76,서울 25개 자치구 PM10 일평균
2025-10-29,27.08,서울 25개 자치구 PM10 일평균
2025-10-30,34.84,서울 25개 자치구 PM10 일평균
2025-10-31,36.32,서울 25개 자치구 PM10 일평균
2025-11-01,22.0,서울 25개 자치구 PM10 일평균
2025-11-02,28.68,서울 25개 자치구 PM10 일평균
2025-11-03,21.12,서울 25개 자치구 PM10 일평균
2025-11-04,29.16,서울 25개 자치구 PM10 일평균
2025-11-05,35.72,서울 25개 자치구 PM10 일평균
2025-11-06,53.0,서울 25개 자치구 PM10 일평균
2025-11-07,49.04,서울 25개 자치구 PM10 일평균
2025-11-08,25.68,서울 25개 자치구 PM10 일평균
2025-11-09,42.48,서울 25개 자치구 PM10 일평균
2025-11-10,21.08,서울 25개 자치구 PM10 일평균
2025-11-11,25.84,서울 25개 자치구 PM10 일평균
2025-11-12,36.16,서울 25개 자치구 PM10 일평균
2025-11-13,48.56,서울 25개 자치구 PM10 일평균
2025-11-14,31.76,서울 25개 자치구 PM10 일평균
2025-11-15,36.44,서울 25개 자치구 PM10 일평균
2025-11-16,38.72,서울 25개 자치구 PM10 일평균
2025-11-17,40.84,서울 25개 자치구 PM10 일평균
2025-11-18,29.28,서울 25개 자치구 PM10 일평균
2025-11-19,32.88,서울 25개 자치구 PM10 일평균
2025-11-20,42.04,서울 25개 자치구 PM10 일평균
2025-11-21,24.68,서울 25개 자치구 PM10 일평균
2025-11-22,40.76,서울 25개 자치구 PM10 일평균
2025-11-23,45.92,서울 25개 자치구 PM10 일평균
2025-11-24,77.64,서울 25개 자치구 PM10 일평균
2025-11-25,81.28,서울 25개 자치구 PM10 일평균
2025-11-26,45.83,서울 25개 자치구 PM10 일평균
2025-11-27,33.79,서울 25개 자치구 PM10 일평균
2025-11-28,23.12,서울 25개 자치구 PM10 일평균
2025-11-29,28.58,서울 25개 자치구 PM10 일평균
2025-11-30,80.17,서울 25개 자치구 PM10 일평균
2025-12-01,48.5,서울 25개 자치구 PM10 일평균
2025-12-02,18.42,서울 25개 자치구 PM10 일평균
2025-12-03,19.08,서울 25개 자치구 PM10 일평균
2025-12-04,21.88,서울 25개 자치구 PM10 일평균
2025-12-05,26.5,서울 25개 자치구 PM10 일평균
2025-12-06,27.17,서울 25개 자치구 PM10 일평균
2025-12-07,79.58,서울 25개 자치구 PM10 일평균
2025-12-08,34.08,서울 25개 자치구 PM10 일평균
2025-12-09,22.54,서울 25개 자치구 PM10 일평균
2025-12-10,40.79,서울 25개 자치구 PM10 일평균
2025-12-11,39.04,서울 25개 자치구 PM10 일평균
2025-12-12,21.08,서울 25개 자치구 PM10 일평균
2025-12-13,11.21,서울 25개 자치구 PM10 일평균
2025-12-14,25.17,서울 25개 자치구 PM10 일평균
2025-12-15,31.04,서울 25개 자치구 PM10 일평균
2025-12-16,39.29,서울 25개 자치구 PM10 일평균
2025-12-17,65.21,서울 25개 자치구 PM10 일평균
2025-12-18,31.92,서울 25개 자치구 PM10 일평균
2025-12-19,37.04,서울 25개 자치구 PM10 일평균
2025-12-20,46.33,서울 25개 자치구 PM10 일평균
2025-12-21,25.12,서울 25개 자치구 PM10 일평균
2025-12-22,29.25,서울 25개 자치구 PM10 일평균
2025-12-23,21.25,서울 25개 자치구 PM10 일평균
2025-12-24,26.33,서울 25개 자치구 PM10 일평균
2025-12-25,26.17,서울 25개 자치구 PM10 일평균
2025-12-26,18.17,서울 25개 자치구 PM10 일평균
2025-12-27,28.54,서울 25개 자치구 PM10 일평균
2025-12-28,42.08,서울 25개 자치구 PM10 일평균
2025-12-29,59.88,서울 25개 자치구 PM10 일평균
2025-12-30,19.46,서울 25개 자치구 PM10 일평균
2025-12-31,20.62,서울 25개 자치구 PM10 일평균
